http_ms,mode,query_id,ts,cache_hit,dense_ms,embed_ms,n_hits,total_ms
174.659,dense,0,1790692735.36,0,75.156,94.594,5,169.791
200.958,dense,1,1790692735.561,0,90.502,103.204,5,193.772
208.288,dense,2,1790692735.77,0,90.982,112.092,5,203.12
220.497,dense,3,1790692735.99,0,93.993,120.257,5,214.299
226.437,dense,4,1790692736.217,0,93.661,126.753,5,220.464
194.896,dense,5,1790692736.412,0,76.124,113.039,5,189.204
188.458,dense,6,1790692736.6,0,76.686,106.443,5,183.172
211.763,dense,7,1790692736.812,0,112.168,94.184,5,206.401
421.222,dense,8,1790692737.233,0,103.4,311.612,5,415.073
245.977,dense,9,1790692737.479,0,88.162,151.636,5,239.847
287.228,dense,10,1790692737.766,0,81.07,200.029,5,281.143
186.913,dense,11,1790692737.953,0,75.652,105.805,5,181.503
233.798,dense,12,1790692738.187,0,104.067,123.884,5,228.0
232.83,dense,13,1790692738.42,0,83.431,142.429,5,225.902
296.49,dense,14,1790692738.716,0,94.699,196.11,5,290.865
192.509,dense,15,1790692738.909,0,81.261,105.853,5,187.156
190.017,dense,16,1790692739.099,0,76.234,108.298,5,184.574
160.294,dense,17,1790692739.259,0,81.305,73.993,5,155.338
181.848,dense,18,1790692739.441,0,88.552,87.734,5,176.335
174.595,dense,19,1790692739.616,0,85.764,82.655,5,168.466
156.862,dense,20,1790692739.773,0,77.568,74.084,5,151.691
169.204,dense,21,1790692739.942,0,87.74,76.263,5,164.049
179.004,dense,22,1790692740.121,0,82.407,91.945,5,174.397
138.677,dense,23,1790692740.26,0,71.359,62.426,5,133.813
148.901,dense,24,1790692740.409,0,73.697,70.28,5,144.016
147.117,dense,25,1790692740.556,0,78.998,63.116,5,142.157
153.958,dense,26,1790692740.71,0,80.489,68.162,5,148.693
146.665,dense,27,1790692740.856,0,71.774,69.635,5,141.449
178.363,dense,28,1790692741.035,0,84.54,88.487,5,173.074
171.577,dense,29,1790692741.206,0,85.282,80.32,5,165.655
181.955,dense,30,1790692741.388,0,75.056,101.636,5,176.733
153.484,dense,31,1790692741.542,0,76.542,71.822,5,148.442
140.87,dense,32,1790692741.683,0,73.797,61.918,5,135.854
149.044,dense,33,1790692741.832,0,73.14,70.718,5,143.898
144.911,dense,34,1790692741.977,0,72.335,66.679,5,139.056
178.766,dense,35,1790692742.155,0,84.921,88.402,5,173.368
159.404,dense,36,1790692742.315,0,84.978,68.731,5,153.756
177.144,dense,37,1790692742.492,0,84.636,86.649,5,171.335
165.952,dense,38,1790692742.658,0,83.723,76.35,5,160.121
138.5,dense,39,1790692742.797,0,71.014,62.486,5,133.56
150.449,dense,40,1790692742.947,0,70.975,74.529,5,145.549
139.596,dense,41,1790692743.087,0,69.922,64.275,5,134.245
99.862,dense,42,1790692743.187,0,43.921,52.011,5,95.954
74.488,dense,43,1790692743.261,0,41.297,30.49,5,71.809
76.884,dense,44,1790692743.338,0,39.587,34.846,5,74.455
72.089,dense,45,1790692743.41,0,39.675,29.844,5,69.541
74.067,dense,46,1790692743.484,0,40.029,31.358,5,71.41
73.139,dense,47,1790692743.557,0,41.36,28.797,5,70.183
76.689,dense,48,1790692743.634,0,42.681,31.091,5,73.812
77.915,dense,49,1790692743.712,0,40.945,34.355,5,75.326
147.127,dense,50,1790692743.859,0,53.33,91.243,5,144.597
69.365,dense,51,1790692743.928,0,38.386,28.273,5,66.68
68.813,dense,52,1790692743.997,0,37.859,28.483,5,66.365
73.834,dense,53,1790692744.071,0,39.397,31.823,5,71.244
76.798,dense,54,1790692744.148,0,39.462,34.63,5,74.114
72.602,dense,55,1790692744.22,0,41.108,28.867,5,69.999
92.868,dense,56,1790692744.313,0,44.159,45.672,5,89.864
107.129,dense,57,1790692744.421,0,46.187,58.093,5,104.302
92.636,dense,58,1790692744.513,0,42.643,47.318,5,89.985
167.69,dense,59,1790692744.681,0,83.517,79.027,5,162.683
176.855,dense,60,1790692744.858,0,83.945,86.764,5,170.76
179.407,dense,61,1790692745.037,0,83.38,90.167,5,173.593
161.97,dense,62,1790692745.199,0,81.104,75.202,5,156.353
148.18,dense,63,1790692745.347,0,69.15,73.838,5,143.028
152.849,dense,64,1790692745.5,0,69.395,78.319,5,147.755
153.1,dense,65,1790692745.653,0,79.675,67.801,5,147.524
166.484,dense,66,1790692745.82,0,82.189,78.314,5,160.554
169.858,dense,67,1790692745.99,0,84.757,78.801,5,163.671
163.831,dense,68,1790692746.154,0,73.714,84.29,5,158.052
167.24,dense,69,1790692746.321,0,84.419,76.804,5,161.272
175.307,dense,70,1790692746.496,0,82.619,87.287,5,169.949
138.261,dense,71,1790692746.634,0,69.385,63.664,5,133.096
149.73,dense,72,1790692746.784,0,68.692,75.623,5,144.355
161.233,dense,73,1790692746.945,0,79.549,76.421,5,156.019
160.065,dense,74,1790692747.106,0,75.756,78.649,5,154.449
168.9,dense,75,1790692747.274,0,79.528,83.404,5,162.981
169.601,dense,76,1790692747.444,0,82.789,81.166,5,164.0
151.276,dense,77,1790692747.595,0,82.246,63.442,5,145.733
180.15,dense,78,1790692747.776,0,82.518,91.991,5,174.553
137.45,dense,79,1790692747.913,0,65.214,66.709,5,131.966
149.049,dense,80,1790692748.062,0,67.434,76.49,5,143.965
141.711,dense,81,1790692748.204,0,70.239,65.893,5,136.173
164.998,dense,82,1790692748.369,0,83.378,75.789,5,159.213
171.044,dense,83,1790692748.54,0,79.588,85.908,5,165.547
154.995,dense,84,1790692748.695,0,82.256,66.931,5,149.235
173.072,dense,85,1790692748.868,0,83.164,83.912,5,167.195
177.833,dense,86,1790692749.046,0,81.149,90.975,5,172.172
152.065,dense,87,1790692749.198,0,71.75,74.895,5,146.685
148.061,dense,88,1790692749.346,0,69.715,73.41,5,143.166
139.623,dense,89,1790692749.486,0,72.883,61.327,5,134.256
168.699,dense,90,1790692749.654,0,81.832,80.953,5,162.836
177.357,dense,91,1790692749.832,0,88.133,83.215,5,171.396
243.237,dense,92,1790692750.075,0,98.899,138.039,5,236.988
235.222,dense,93,1790692750.31,0,94.069,135.398,5,229.513
196.46,dense,94,1790692750.507,0,82.313,108.615,5,190.967
177.804,dense,95,1790692750.685,0,74.016,98.516,5,172.572
200.223,dense,96,1790692750.885,0,94.141,100.124,5,194.315
207.267,dense,97,1790692751.092,0,81.212,120.13,5,201.389
158.443,dense,98,1790692751.251,0,72.502,80.107,5,152.658
178.752,dense,99,1790692751.429,0,74.792,97.843,5,172.679
