http_ms,mode,query_id,ts,cache_hit,dense_ms,embed_ms,fuse_ms,n_hits,sparse_ms,tokenize_ms,total_ms
1056.264,hybrid,0,1790692826.823,0,266.208,161.355,0.379,5,886.495,0.04,1049.811
826.26,hybrid,1,1790692827.649,0,267.777,217.807,0.332,5,600.104,0.047,820.217
940.814,hybrid,2,1790692828.59,0,308.738,333.804,0.393,5,600.479,0.037,934.985
699.454,hybrid,3,1790692829.289,0,199.807,107.125,0.325,5,584.062,0.04,692.958
682.26,hybrid,4,1790692829.971,0,218.254,104.941,0.381,5,569.849,0.045,676.839
684.803,hybrid,5,1790692830.656,0,254.272,96.433,0.502,5,580.012,0.04,678.481
680.786,hybrid,6,1790692831.337,0,262.374,113.118,0.54,5,559.7,0.046,675.09
689.731,hybrid,7,1790692832.027,0,226.515,92.046,0.418,5,590.11,0.07,684.115
610.615,hybrid,8,1790692832.638,0,178.139,152.841,0.279,5,451.909,0.025,605.245
664.312,hybrid,9,1790692833.302,0,191.999,79.624,0.335,5,577.345,0.043,658.741
704.097,hybrid,10,1790692834.006,0,244.692,133.769,0.327,5,562.858,0.053,698.629
674.905,hybrid,11,1790692834.681,0,215.354,94.504,0.508,5,572.281,0.037,668.909
1018.29,hybrid,12,1790692835.699,0,338.577,141.457,0.522,5,867.052,0.05,1011.658
1274.195,hybrid,13,1790692836.974,0,306.337,475.338,0.516,5,791.121,0.044,1267.395
1044.898,hybrid,14,1790692838.018,0,244.817,268.796,0.32,5,767.837,0.052,1038.832
730.52,hybrid,15,1790692838.749,0,241.061,169.874,0.405,5,551.92,0.054,724.065
703.543,hybrid,16,1790692839.453,0,173.603,136.745,0.333,5,558.611,0.037,697.322
651.381,hybrid,17,1790692840.104,0,259.461,114.145,0.297,5,531.332,0.024,646.059
473.637,hybrid,18,1790692840.578,0,186.247,73.853,0.366,5,392.125,0.033,467.745
713.327,hybrid,19,1790692841.291,0,211.514,92.9,0.383,5,612.063,0.062,707.048
526.106,hybrid,20,1790692841.817,0,197.386,100.902,0.333,5,418.772,0.046,520.365
662.594,hybrid,21,1790692842.48,0,192.217,96.782,0.31,5,558.014,0.048,656.54
611.422,hybrid,22,1790692843.091,0,256.817,108.924,0.293,5,496.499,0.051,606.041
772.365,hybrid,23,1790692843.864,0,210.82,216.813,0.415,5,548.814,0.04,766.415
710.84,hybrid,24,1790692844.575,0,233.638,117.682,0.375,5,585.317,0.041,704.826
584.066,hybrid,25,1790692845.159,0,203.479,99.287,0.403,5,477.649,0.044,577.845
635.451,hybrid,26,1790692845.794,0,221.714,95.029,0.549,5,533.318,0.043,629.229
443.707,hybrid,27,1790692846.238,0,233.839,79.703,0.333,5,355.297,0.041,436.87
373.608,hybrid,28,1790692846.611,0,177.209,84.689,0.32,5,281.477,0.043,368.107
681.055,hybrid,29,1790692847.293,0,158.15,83.21,0.32,5,590.199,0.039,675.227
542.98,hybrid,30,1790692847.836,0,255.819,75.911,0.314,5,459.874,0.043,537.589
644.742,hybrid,31,1790692848.48,0,201.343,75.778,0.348,5,562.126,0.041,638.592
662.092,hybrid,32,1790692849.142,0,184.851,90.918,0.476,5,564.336,0.049,656.071
653.364,hybrid,33,1790692849.796,0,237.004,67.14,0.345,5,580.154,0.041,647.942
642.956,hybrid,34,1790692850.439,0,215.143,77.972,0.294,5,555.615,0.054,635.448
617.537,hybrid,35,1790692851.056,0,132.111,118.81,0.511,5,490.023,0.045,610.955
631.157,hybrid,36,1790692851.688,0,222.179,111.71,0.284,5,512.78,0.044,625.105
653.728,hybrid,37,1790692852.341,0,216.799,75.094,0.363,5,570.118,0.041,647.085
712.535,hybrid,38,1790692853.054,0,244.82,93.913,0.287,5,610.95,0.049,706.753
587.777,hybrid,39,1790692853.642,0,300.86,75.605,0.321,5,502.659,0.04,579.011
733.038,hybrid,40,1790692854.375,0,249.496,129.042,0.299,5,596.226,0.048,725.9
528.097,hybrid,41,1790692854.903,0,249.5,67.685,0.353,5,453.992,0.039,522.332
556.283,hybrid,42,1790692855.459,0,218.911,105.076,0.29,5,442.26,0.044,549.327
596.713,hybrid,43,1790692856.056,0,131.524,75.421,0.323,5,513.082,0.038,589.362
776.229,hybrid,44,1790692856.832,0,301.575,163.68,0.322,5,606.002,0.054,770.421
1295.497,hybrid,45,1790692858.128,0,242.415,100.041,0.375,5,1188.043,0.05,1290.161
2378.767,hybrid,46,1790692860.506,0,303.123,1675.151,0.36,5,696.316,0.042,2372.264
468.142,hybrid,47,1790692860.975,0,285.432,158.691,0.338,5,301.804,0.035,462.277
720.637,hybrid,48,1790692861.695,0,259.439,103.861,0.591,5,608.202,0.055,714.455
659.268,hybrid,49,1790692862.355,0,189.244,83.112,0.679,5,566.755,0.054,652.454
697.864,hybrid,50,1790692863.052,0,181.757,94.743,0.374,5,594.6,0.053,691.623
740.816,hybrid,51,1790692863.793,0,320.677,147.946,0.384,5,582.688,0.045,734.172
704.623,hybrid,52,1790692864.498,0,195.308,90.891,0.289,5,606.294,0.047,697.795
677.986,hybrid,53,1790692865.176,0,174.351,71.8,0.348,5,598.728,0.036,672.306
838.035,hybrid,54,1790692866.014,0,261.446,225.467,0.332,5,604.964,0.037,832.337
601.046,hybrid,55,1790692866.615,0,142.183,158.571,0.309,5,434.535,0.038,594.771
694.51,hybrid,56,1790692867.31,0,229.909,87.296,0.291,5,600.5,0.046,688.42
586.049,hybrid,57,1790692867.896,0,233.041,71.173,0.532,5,508.236,0.04,580.474
732.03,hybrid,58,1790692868.628,0,259.479,85.682,0.345,5,638.075,0.049,726.084
633.674,hybrid,59,1790692869.261,0,246.907,114.579,0.286,5,511.379,0.047,627.784
594.452,hybrid,60,1790692869.856,0,213.511,82.299,0.31,5,506.677,0.044,589.63
679.981,hybrid,61,1790692870.536,0,185.487,68.045,0.341,5,604.871,0.052,674.764
589.357,hybrid,62,1790692871.126,0,187.368,76.322,0.321,5,505.891,0.051,584.155
887.005,hybrid,63,1790692872.013,0,176.786,234.862,0.489,5,644.643,0.059,880.574
705.769,hybrid,64,1790692872.718,0,281.539,158.974,0.393,5,539.252,0.054,699.042
582.482,hybrid,65,1790692873.301,0,203.799,100.101,0.428,5,473.59,0.052,575.769
681.739,hybrid,66,1790692873.983,0,217.844,100.428,0.431,5,573.895,0.051,675.094
639.837,hybrid,67,1790692874.622,0,196.064,98.051,0.388,5,534.344,0.05,633.146
667.08,hybrid,68,1790692875.29,0,282.39,166.223,0.523,5,491.841,0.042,659.99
647.481,hybrid,69,1790692875.937,0,294.134,97.894,0.468,5,540.711,0.049,640.966
712.993,hybrid,70,1790692876.65,0,220.882,91.774,0.477,5,613.87,0.056,706.516
636.28,hybrid,71,1790692877.286,0,253.974,159.436,0.391,5,468.994,0.05,629.359
640.256,hybrid,72,1790692877.927,0,243.15,150.558,0.348,5,479.246,0.047,633.232
693.309,hybrid,73,1790692878.62,0,276.807,104.361,0.325,5,582.24,0.047,687.26
574.83,hybrid,74,1790692879.195,0,186.372,85.041,0.349,5,481.955,0.036,568.903
633.685,hybrid,75,1790692879.829,0,212.996,96.699,0.402,5,526.732,0.047,626.275
735.9,hybrid,76,1790692880.565,0,226.478,143.588,0.397,5,583.71,0.044,729.181
636.869,hybrid,77,1790692881.201,0,284.969,99.035,0.336,5,530.907,0.053,630.978
580.062,hybrid,78,1790692881.782,0,330.942,75.382,0.765,5,496.371,0.061,574.198
534.868,hybrid,79,1790692882.316,0,232.03,96.537,0.617,5,430.791,0.048,528.485
892.55,hybrid,80,1790692883.209,0,274.459,217.004,0.402,5,669.255,0.047,887.003
682.057,hybrid,81,1790692883.891,0,271.243,101.92,0.306,5,573.186,0.064,676.142
476.629,hybrid,82,1790692884.368,0,181.848,90.627,0.409,5,378.081,0.035,470.613
746.52,hybrid,83,1790692885.114,0,303.891,117.578,0.556,5,619.685,0.052,739.76
753.826,hybrid,84,1790692885.868,0,257.889,135.062,0.319,5,611.273,0.045,748.023
630.452,hybrid,85,1790692886.499,0,292.035,92.52,0.762,5,531.453,0.051,625.276
446.262,hybrid,86,1790692886.945,0,225.653,68.246,0.336,5,371.65,0.04,440.554
766.734,hybrid,87,1790692887.712,0,214.808,95.649,1.246,5,662.339,0.054,760.894
565.411,hybrid,88,1790692888.277,0,176.833,111.037,0.37,5,445.786,0.042,558.768
543.023,hybrid,89,1790692888.82,0,282.099,99.203,0.396,5,436.61,0.043,536.602
750.349,hybrid,90,1790692889.571,0,283.794,150.058,0.362,5,591.929,0.045,743.749
627.525,hybrid,91,1790692890.198,0,176.63,97.208,0.315,5,524.093,0.049,621.971
653.637,hybrid,92,1790692890.852,0,156.914,67.498,1.125,5,574.587,0.043,646.221
730.87,hybrid,93,1790692891.583,0,184.857,122.854,0.304,5,600.81,0.054,724.325
652.379,hybrid,94,1790692892.235,0,178.135,80.784,0.709,5,564.417,0.051,646.659
654.895,hybrid,95,1790692892.89,0,163.564,75.008,0.308,5,571.748,0.046,648.71
659.989,hybrid,96,1790692893.55,0,200.675,75.137,0.28,5,577.109,0.039,654.087
724.918,hybrid,97,1790692894.275,0,252.026,127.6,0.334,5,590.333,0.059,719.948
782.687,hybrid,98,1790692895.058,0,278.649,71.339,0.405,5,704.508,0.04,776.663
947.287,hybrid,99,1790692896.005,0,296.222,317.561,0.426,5,622.15,0.044,940.509
