http_ms,mode,query_id,ts,cache_hit,n_hits,sparse_ms,tokenize_ms,total_ms
747.483,sparse,0,1790692762.926,0,5,741.718,0.549,742.308
515.619,sparse,1,1790692763.442,0,5,509.897,0.322,510.267
694.902,sparse,2,1790692764.137,0,5,686.655,0.466,687.193
600.236,sparse,3,1790692764.737,0,5,593.775,0.575,594.402
704.047,sparse,4,1790692765.441,0,5,697.791,0.614,698.459
732.213,sparse,5,1790692766.173,0,5,724.966,0.84,725.849
665.047,sparse,6,1790692766.838,0,5,658.366,0.725,659.139
629.387,sparse,7,1790692767.468,0,5,623.377,0.413,623.846
588.196,sparse,8,1790692768.056,0,5,581.649,0.436,582.319
671.981,sparse,9,1790692768.728,0,5,665.328,0.626,665.997
609.392,sparse,10,1790692769.337,0,5,602.977,0.548,603.564
678.175,sparse,11,1790692770.016,0,5,672.92,0.428,673.391
555.76,sparse,12,1790692770.571,0,5,550.059,1.669,551.756
219.198,sparse,13,1790692770.791,0,5,216.017,0.163,216.259
230.879,sparse,14,1790692771.021,0,5,227.943,0.192,228.156
232.74,sparse,15,1790692771.254,0,5,229.729,0.195,229.95
223.187,sparse,16,1790692771.477,0,5,220.323,0.16,220.505
208.741,sparse,17,1790692771.686,0,5,205.637,0.199,205.857
241.125,sparse,18,1790692771.927,0,5,237.952,0.151,238.148
528.106,sparse,19,1790692772.455,0,5,523.404,0.246,523.687
389.056,sparse,20,1790692772.844,0,5,383.954,0.334,384.328
473.985,sparse,21,1790692773.318,0,5,467.933,0.534,468.509
438.01,sparse,22,1790692773.756,0,5,432.372,0.515,432.924
403.296,sparse,23,1790692774.16,0,5,398.264,0.185,398.485
501.749,sparse,24,1790692774.662,0,5,496.394,0.329,496.762
405.235,sparse,25,1790692775.067,0,5,399.54,0.234,399.816
438.179,sparse,26,1790692775.505,0,5,432.325,0.408,432.772
299.439,sparse,27,1790692775.804,0,5,294.637,0.237,294.915
275.344,sparse,28,1790692776.08,0,5,269.201,0.303,269.556
552.242,sparse,29,1790692776.632,0,5,545.729,0.377,546.155
379.581,sparse,30,1790692777.012,0,5,373.597,0.346,373.983
494.996,sparse,31,1790692777.507,0,5,489.611,0.349,489.998
474.325,sparse,32,1790692777.981,0,5,469.357,0.398,469.792
466.0,sparse,33,1790692778.447,0,5,460.096,0.453,460.592
436.957,sparse,34,1790692778.884,0,5,430.625,0.363,431.031
433.199,sparse,35,1790692779.317,0,5,427.596,0.479,428.112
415.532,sparse,36,1790692779.733,0,5,410.396,0.177,410.612
479.496,sparse,37,1790692780.212,0,5,473.604,0.405,474.048
502.65,sparse,38,1790692780.715,0,5,496.891,0.455,497.386
456.314,sparse,39,1790692781.171,0,5,450.987,0.238,451.263
494.593,sparse,40,1790692781.666,0,5,488.438,0.401,488.888
405.036,sparse,41,1790692782.071,0,5,399.218,0.425,399.686
372.233,sparse,42,1790692782.443,0,5,366.219,0.355,366.618
423.38,sparse,43,1790692782.867,0,5,417.356,0.377,417.778
469.467,sparse,44,1790692783.336,0,5,463.918,0.307,464.259
480.597,sparse,45,1790692783.817,0,5,475.574,0.309,475.921
425.303,sparse,46,1790692784.242,0,5,419.987,0.313,420.341
281.58,sparse,47,1790692784.524,0,5,275.912,0.348,276.297
523.521,sparse,48,1790692785.047,0,5,518.099,0.473,518.619
453.054,sparse,49,1790692785.5,0,5,447.074,0.434,447.551
472.815,sparse,50,1790692785.973,0,5,467.444,0.398,467.881
397.952,sparse,51,1790692786.371,0,5,393.145,0.48,393.659
387.467,sparse,52,1790692786.759,0,5,382.565,0.337,382.939
405.683,sparse,53,1790692787.164,0,5,400.424,0.311,400.776
375.087,sparse,54,1790692787.539,0,5,370.18,0.331,370.538
287.851,sparse,55,1790692787.827,0,5,282.663,0.143,282.846
394.375,sparse,56,1790692788.222,0,5,389.342,0.086,389.463
383.16,sparse,57,1790692788.605,0,5,377.96,0.228,378.226
628.76,sparse,58,1790692789.234,0,5,622.938,0.323,623.309
419.091,sparse,59,1790692789.653,0,5,413.285,0.159,413.479
397.937,sparse,60,1790692790.051,0,5,392.156,0.304,392.499
454.531,sparse,61,1790692790.505,0,5,448.38,0.406,448.828
462.325,sparse,62,1790692790.968,0,5,456.757,0.326,457.124
528.576,sparse,63,1790692791.496,0,5,522.911,0.427,523.379
470.971,sparse,64,1790692791.967,0,5,465.703,0.314,466.056
423.47,sparse,65,1790692792.391,0,5,417.989,0.334,418.374
518.63,sparse,66,1790692792.909,0,5,512.832,0.403,513.289
473.893,sparse,67,1790692793.383,0,5,469.01,0.221,469.271
513.702,sparse,68,1790692793.897,0,5,508.327,0.304,508.676
482.945,sparse,69,1790692794.38,0,5,477.092,0.237,477.369
521.732,sparse,70,1790692794.902,0,5,516.354,0.361,516.776
553.063,sparse,71,1790692795.455,0,5,548.008,0.309,548.357
562.286,sparse,72,1790692796.017,0,5,556.412,0.37,556.83
615.665,sparse,73,1790692796.633,0,5,609.393,0.464,609.899
475.592,sparse,74,1790692797.108,0,5,470.122,0.266,470.425
516.635,sparse,75,1790692797.625,0,5,510.796,0.257,511.092
584.568,sparse,76,1790692798.21,0,5,578.797,0.349,579.184
539.229,sparse,77,1790692798.749,0,5,533.76,0.293,534.091
498.889,sparse,78,1790692799.248,0,5,492.949,0.589,493.578
424.541,sparse,79,1790692799.672,0,5,418.49,0.331,418.874
582.149,sparse,80,1790692800.255,0,5,576.29,0.449,576.783
642.524,sparse,81,1790692800.897,0,5,637.263,0.224,637.536
389.636,sparse,82,1790692801.287,0,5,383.895,0.252,384.184
627.033,sparse,83,1790692801.914,0,5,620.426,0.761,621.24
560.072,sparse,84,1790692802.474,0,5,553.557,0.322,554.047
478.034,sparse,85,1790692802.952,0,5,470.438,0.398,470.873
397.717,sparse,86,1790692803.35,0,5,391.573,0.355,391.979
714.923,sparse,87,1790692804.065,0,5,708.572,0.543,709.155
572.241,sparse,88,1790692804.637,0,5,566.009,0.399,566.516
467.605,sparse,89,1790692805.105,0,5,461.887,0.352,462.277
540.857,sparse,90,1790692805.645,0,5,535.354,0.478,535.869
487.888,sparse,91,1790692806.133,0,5,482.139,0.359,482.538
533.888,sparse,92,1790692806.667,0,5,528.228,0.699,528.973
514.441,sparse,93,1790692807.182,0,5,509.001,0.305,509.351
529.206,sparse,94,1790692807.711,0,5,523.678,0.502,524.221
467.219,sparse,95,1790692808.178,0,5,461.535,0.451,462.02
571.353,sparse,96,1790692808.75,0,5,565.981,0.247,566.274
770.878,sparse,97,1790692809.52,0,5,764.95,0.423,765.414
673.227,sparse,98,1790692810.194,0,5,667.028,0.344,667.41
614.75,sparse,99,1790692810.809,0,5,609.084,0.506,609.631
